{"cameraMode":{"drawMode":0,"name":"Shaded","section":"Shading Mode"},"sceneLighting":true,"audioPlay":false,"sceneViewState":{"showFog":true,"showMaterialUpdate":false,"showSkybox":true,"showFlares":true,"showImageEffects":true,"showParticleSystems":true},"in2DMode":false,"pivot":{"x":-5.5823774337768559,"y":11.299701690673829,"z":-11.816272735595704},"rotation":{"x":0.09386985003948212,"y":0.06178252026438713,"z":0.005836550612002611,"w":-0.993649423122406},"size":36.91242980957031,"orthographic":false}