{"cameraMode":{"drawMode":0,"name":"Shaded","section":"Shading Mode"},"sceneLighting":true,"audioPlay":false,"sceneViewState":{"showFog":true,"showMaterialUpdate":false,"showSkybox":true,"showFlares":true,"showImageEffects":true,"showParticleSystems":true},"in2DMode":false,"pivot":{"x":-0.2538275718688965,"y":1.6553146839141846,"z":-1.6095218658447266},"rotation":{"x":0.11485259979963303,"y":-0.3827371597290039,"z":0.04801863804459572,"w":0.9154398441314697},"size":8.898935317993164,"orthographic":false}